{"info": {"type": "bm25", "description": "document similarity", "size": 34, "id": "acl-E95-1022"}, "score": {"acl-J14-1004": 5.94364, "acl-P13-1120": 3.2476752, "acl-D13-1112": 5.7676888, "acl-D11-1079": 5.097367, "acl-W06-2920": 6.4141283, "acl-J96-2002": 11.497266, "acl-D14-1062": 2.163418, "acl-N13-1104": 3.9837, "acl-J98-1001": 5.246637, "acl-W12-3205": 6.9570427, "acl-N12-1007": 3.1792505, "acl-W14-1613": 5.946752, "acl-D12-1003": 5.3863387, "acl-J03-4003": 12.764346, "acl-W13-3516": 4.958714, "acl-C14-1055": 6.7110453, "acl-J05-1004": 6.754289, "acl-N13-1011": 3.762447, "acl-J13-2003": 9.227134, "acl-N13-1037": 4.0468426, "acl-D13-1111": 4.480261, "acl-C14-1205": 4.6123, "acl-C14-1107": 4.8379045, "acl-J07-3004": 12.958585, "acl-W13-2201": 5.240269, "acl-D13-1057": 6.3946247, "acl-J11-4007": 6.6376643, "acl-D13-1027": 3.7332633, "acl-P10-1147": 4.9722853, "acl-C14-1210": 6.5647726, "acl-N13-1115": 2.7972038, "acl-C14-1195": 4.9528713, "acl-J94-1001": 4.0709534, "acl-J00-4003": 6.652607}}