{"info": {"type": "bm25", "description": "document similarity", "size": 34, "id": "acl-D13-1112"}, "score": {"acl-J14-1004": 5.2534494, "acl-P13-1120": 3.6381884, "acl-J05-1004": 5.7119727, "acl-D11-1079": 4.922815, "acl-J94-1001": 3.2489154, "acl-C14-1195": 4.8536315, "acl-W06-2920": 5.2012725, "acl-D13-1027": 5.607084, "acl-N13-1115": 11.958799, "acl-C14-1055": 3.465519, "acl-W14-1613": 2.9370067, "acl-J96-2002": 2.7130687, "acl-D12-1003": 6.5156355, "acl-P10-1147": 6.9654927, "acl-D14-1062": 4.9338098, "acl-J98-1001": 4.7335515, "acl-W13-3516": 4.200093, "acl-N13-1011": 3.5803537, "acl-J13-2003": 7.651024, "acl-N13-1037": 4.4739466, "acl-D13-1111": 4.988465, "acl-N12-1007": 5.5104437, "acl-C14-1107": 6.4584107, "acl-J07-3004": 4.1635485, "acl-W13-2201": 5.301476, "acl-D13-1057": 4.382339, "acl-N13-1104": 5.7818403, "acl-E95-1022": 3.275822, "acl-J03-4003": 5.898361, "acl-C14-1210": 5.5298495, "acl-J11-4007": 5.2338967, "acl-W12-3205": 3.585276, "acl-C14-1205": 4.9606028, "acl-J00-4003": 6.2263837}}