{"info": {"type": "bm25", "description": "document similarity", "size": 34, "id": "acl-J98-1001"}, "score": {"acl-J14-1004": 2.7832906, "acl-P13-1120": 4.5732226, "acl-J05-1004": 4.540405, "acl-D11-1079": 4.606677, "acl-J94-1001": 3.6288843, "acl-W06-2920": 4.370134, "acl-J96-2002": 5.721415, "acl-D14-1062": 3.669757, "acl-D13-1027": 3.3904767, "acl-W12-3205": 4.9783874, "acl-W14-1613": 5.109717, "acl-D12-1003": 4.540522, "acl-J03-4003": 5.270371, "acl-W13-3516": 4.4912214, "acl-C14-1055": 4.254542, "acl-D13-1112": 2.8174489, "acl-N13-1011": 6.8113813, "acl-J13-2003": 7.0943866, "acl-N13-1037": 3.8399174, "acl-N13-1104": 4.50436, "acl-N12-1007": 6.392553, "acl-C14-1107": 3.0238788, "acl-J07-3004": 4.943377, "acl-W13-2201": 5.7992, "acl-D13-1057": 2.945676, "acl-J11-4007": 5.770462, "acl-E95-1022": 3.452435, "acl-P10-1147": 4.2157598, "acl-C14-1210": 4.789988, "acl-N13-1115": 2.5107443, "acl-D13-1111": 4.4435816, "acl-C14-1195": 4.116388, "acl-C14-1205": 4.7127423, "acl-J00-4003": 5.4920673}}