{"info": {"type": "bm25", "description": "document similarity", "size": 34, "id": "acl-D11-1079"}, "score": {"acl-D13-1027": 3.366447, "acl-P13-1120": 2.6477752, "acl-N13-1115": 4.2451234, "acl-J05-1004": 5.3863306, "acl-J14-1004": 3.3490744, "acl-D14-1062": 5.209836, "acl-W06-2920": 6.1908774, "acl-N12-1007": 3.5232687, "acl-C14-1055": 4.4309635, "acl-W12-3205": 7.678729, "acl-W14-1613": 5.3753095, "acl-J96-2002": 4.0328813, "acl-D12-1003": 5.6752615, "acl-J03-4003": 6.0646167, "acl-C14-1195": 5.755756, "acl-J98-1001": 5.156682, "acl-W13-3516": 5.383109, "acl-N13-1011": 4.905552, "acl-J13-2003": 5.104054, "acl-N13-1037": 3.8067665, "acl-D13-1111": 5.9185624, "acl-C14-1205": 5.0660706, "acl-C14-1107": 4.8425345, "acl-J07-3004": 8.021054, "acl-W13-2201": 5.6788487, "acl-D13-1057": 3.1634398, "acl-N13-1104": 5.2576632, "acl-E95-1022": 4.224994, "acl-P10-1147": 5.57112, "acl-C14-1210": 5.8269615, "acl-J11-4007": 5.090208, "acl-D13-1112": 3.367256, "acl-J94-1001": 3.7735026, "acl-J00-4003": 5.003252}}