{"info": {"type": "bm25", "description": "document similarity", "size": 34, "id": "acl-W13-2201"}, "score": {"acl-J14-1004": 3.211766, "acl-P13-1120": 3.5314503, "acl-J05-1004": 4.339726, "acl-C14-1195": 4.2230215, "acl-W06-2920": 4.41988, "acl-J96-2002": 4.345132, "acl-N13-1104": 3.4817235, "acl-D13-1027": 4.251777, "acl-W12-3205": 6.331467, "acl-J98-1001": 4.14517, "acl-W14-1613": 3.7331636, "acl-D12-1003": 5.9130425, "acl-P10-1147": 6.138236, "acl-D14-1062": 4.689574, "acl-C14-1055": 5.2484765, "acl-D13-1112": 5.2600255, "acl-N13-1011": 3.7868118, "acl-J13-2003": 6.479245, "acl-N13-1037": 3.7410111, "acl-E95-1022": 4.388232, "acl-N12-1007": 5.492458, "acl-W13-3516": 3.2221816, "acl-C14-1107": 4.3741293, "acl-J07-3004": 4.3102665, "acl-J94-1001": 3.6182158, "acl-D13-1057": 3.58458, "acl-J11-4007": 5.512494, "acl-J03-4003": 4.1900325, "acl-C14-1210": 4.4077907, "acl-N13-1115": 7.3237085, "acl-D13-1111": 4.3424835, "acl-D11-1079": 4.147429, "acl-C14-1205": 4.165405, "acl-J00-4003": 4.30697}}