{"info": {"type": "bm25", "description": "document similarity", "size": 34, "id": "acl-P10-1147"}, "score": {"acl-J14-1004": 5.095286, "acl-D14-1062": 4.4418936, "acl-D13-1027": 1.6772926, "acl-D13-1112": 5.1386523, "acl-J11-4007": 3.6882184, "acl-D11-1079": 4.6393485, "acl-C14-1195": 4.6747613, "acl-W06-2920": 5.423751, "acl-N13-1104": 2.9586656, "acl-J98-1001": 4.4485884, "acl-N13-1115": 5.1321764, "acl-W14-1613": 4.7747912, "acl-J96-2002": 3.5722497, "acl-D12-1003": 4.7245083, "acl-J03-4003": 4.1890173, "acl-W13-3516": 5.1239433, "acl-C14-1055": 5.031943, "acl-J05-1004": 4.91069, "acl-N13-1011": 4.522995, "acl-J13-2003": 4.93672, "acl-N13-1037": 2.8971996, "acl-D13-1111": 4.464704, "acl-N12-1007": 4.8577275, "acl-P13-1120": 3.7959132, "acl-C14-1107": 3.5961175, "acl-J07-3004": 4.5953193, "acl-J94-1001": 3.8938515, "acl-D13-1057": 4.1689897, "acl-W13-2201": 5.0809927, "acl-E95-1022": 4.3496704, "acl-C14-1210": 5.297278, "acl-W12-3205": 3.7629573, "acl-C14-1205": 4.1991644, "acl-J00-4003": 5.2175946}}