{"info": {"type": "bm25", "description": "document similarity", "size": 34, "id": "acl-W13-3516"}, "score": {"acl-J14-1004": 4.892323, "acl-P13-1120": 3.8445995, "acl-D13-1112": 4.7619944, "acl-D11-1079": 5.49366, "acl-J94-1001": 3.1167347, "acl-W06-2920": 4.5964384, "acl-N13-1115": 4.4815984, "acl-D14-1062": 3.6944416, "acl-N13-1104": 4.115302, "acl-D13-1027": 4.7262983, "acl-W12-3205": 6.83006, "acl-P10-1147": 6.213395, "acl-W14-1613": 3.4089317, "acl-J96-2002": 2.659505, "acl-D12-1003": 4.764875, "acl-J03-4003": 6.541371, "acl-C14-1195": 5.561827, "acl-C14-1055": 6.4197516, "acl-J05-1004": 4.046462, "acl-N13-1011": 4.1566615, "acl-J13-2003": 5.6947293, "acl-N13-1037": 4.3919415, "acl-D13-1111": 5.5120687, "acl-C14-1205": 5.547481, "acl-J07-3004": 6.9860044, "acl-W13-2201": 4.689542, "acl-D13-1057": 3.8870625, "acl-C14-1107": 4.6502137, "acl-E95-1022": 3.7163322, "acl-J98-1001": 5.5153594, "acl-C14-1210": 4.5967436, "acl-J11-4007": 4.538555, "acl-N12-1007": 5.453893, "acl-J00-4003": 4.393505}}