{"info": {"type": "bm25", "description": "document similarity", "size": 34, "id": "acl-N13-1011"}, "score": {"acl-J14-1004": 7.284446, "acl-D14-1062": 4.763177, "acl-N13-1115": 4.3140774, "acl-J05-1004": 4.215633, "acl-D11-1079": 5.853497, "acl-C14-1210": 2.6731646, "acl-W06-2920": 4.827511, "acl-J96-2002": 7.2372336, "acl-N13-1104": 3.708144, "acl-C14-1055": 4.782563, "acl-W12-3205": 9.187312, "acl-W14-1613": 6.2091513, "acl-D12-1003": 9.564352, "acl-P10-1147": 5.151832, "acl-C14-1195": 5.7881517, "acl-J98-1001": 5.7967615, "acl-W13-3516": 5.0482984, "acl-J13-2003": 9.288305, "acl-N13-1037": 3.9761426, "acl-D13-1111": 5.633183, "acl-N12-1007": 7.3029556, "acl-P13-1120": 3.9670541, "acl-C14-1107": 2.6899917, "acl-J07-3004": 5.884034, "acl-J94-1001": 3.499718, "acl-D13-1057": 4.5099854, "acl-W13-2201": 5.901639, "acl-D13-1027": 3.4887311, "acl-J03-4003": 8.746742, "acl-E95-1022": 3.3274283, "acl-J11-4007": 5.705548, "acl-D13-1112": 3.059905, "acl-C14-1205": 5.661848, "acl-J00-4003": 4.411349}}