{"info": {"type": "bm25", "description": "document similarity", "size": 34, "id": "acl-J07-3004"}, "score": {"acl-J14-1004": 7.4097295, "acl-P13-1120": 6.648996, "acl-J05-1004": 7.4070535, "acl-W13-2201": 4.420443, "acl-C14-1195": 4.712426, "acl-W06-2920": 6.6269217, "acl-J96-2002": 10.482779, "acl-D14-1062": 1.4333535, "acl-D13-1027": 6.2089996, "acl-W12-3205": 9.403047, "acl-J98-1001": 4.863238, "acl-W14-1613": 4.999717, "acl-D12-1003": 4.6117897, "acl-P10-1147": 5.711431, "acl-W13-3516": 6.073114, "acl-C14-1055": 8.918948, "acl-N13-1115": 5.56128, "acl-N13-1011": 5.8710527, "acl-J13-2003": 10.522887, "acl-N13-1037": 5.903403, "acl-E95-1022": 4.939081, "acl-N12-1007": 5.628609, "acl-C14-1107": 3.9792657, "acl-J94-1001": 4.8122187, "acl-D13-1057": 6.8893127, "acl-N13-1104": 7.4971704, "acl-J03-4003": 14.935591, "acl-C14-1210": 4.559324, "acl-J11-4007": 7.8555465, "acl-D13-1112": 3.955414, "acl-D13-1111": 3.9160826, "acl-D11-1079": 4.487021, "acl-C14-1205": 4.966603, "acl-J00-4003": 6.310977}}