{"info": {"type": "bm25", "description": "document similarity", "size": 35, "id": "acl-Q13-1025"}, "score": {"acl-J14-1004": 2.61682, "acl-P13-1120": 2.982526, "acl-N13-1115": 6.103632, "acl-D13-1112": 4.6689396, "acl-D11-1079": 3.9397588, "acl-J94-1001": 3.8488126, "acl-W06-2920": 5.1416388, "acl-J96-2002": 6.30314, "acl-D14-1062": 2.2027934, "acl-D13-1027": 3.7019544, "acl-W12-3205": 8.6839485, "acl-C14-1055": 3.5800283, "acl-W14-1613": 5.5448895, "acl-D12-1003": 4.837177, "acl-P10-1147": 5.520419, "acl-W13-3516": 4.726201, "acl-J98-1001": 3.9037817, "acl-J05-1004": 4.9903336, "acl-N13-1011": 3.9943192, "acl-J13-2003": 7.814327, "acl-N13-1037": 3.315282, "acl-E95-1022": 4.2693515, "acl-N12-1007": 4.6782794, "acl-C14-1107": 6.335805, "acl-J07-3004": 12.343408, "acl-W13-2201": 4.4295526, "acl-D13-1057": 4.7521863, "acl-N13-1104": 4.359371, "acl-J03-4003": 12.601354, "acl-C14-1210": 5.7001743, "acl-J11-4007": 5.8144813, "acl-D13-1111": 3.936913, "acl-C14-1195": 3.9181461, "acl-C14-1205": 3.8759332, "acl-J00-4003": 4.08887}}