{"info": {"type": "bm25", "description": "document similarity", "size": 34, "id": "acl-D14-1062"}, "score": {"acl-J14-1004": 8.89586, "acl-P13-1120": 5.7126045, "acl-D13-1027": 3.1011784, "acl-J05-1004": 5.7846503, "acl-D11-1079": 5.878765, "acl-W06-2920": 6.3444476, "acl-J96-2002": 4.564992, "acl-J98-1001": 4.8748627, "acl-N13-1115": 7.24503, "acl-W14-1613": 4.8825746, "acl-D12-1003": 6.562537, "acl-P10-1147": 7.6509066, "acl-C14-1195": 5.933681, "acl-C14-1055": 5.9637766, "acl-D13-1112": 7.236965, "acl-N13-1011": 3.7038674, "acl-J13-2003": 7.4536405, "acl-N13-1037": 3.068551, "acl-D13-1111": 4.9020786, "acl-N12-1007": 6.7188487, "acl-W13-3516": 5.023833, "acl-C14-1107": 7.502365, "acl-J07-3004": 5.362482, "acl-W13-2201": 7.865048, "acl-D13-1057": 5.2464128, "acl-N13-1104": 6.1807427, "acl-J03-4003": 4.0509095, "acl-E95-1022": 3.5210223, "acl-J94-1001": 4.2731047, "acl-C14-1210": 4.0915046, "acl-J11-4007": 6.520486, "acl-W12-3205": 4.223056, "acl-C14-1205": 5.001804, "acl-J00-4003": 6.650895}}