{"info": {"type": "bm25", "description": "document similarity", "size": 34, "id": "acl-D13-1057"}, "score": {"acl-J14-1004": 6.8960724, "acl-P13-1120": 5.8128624, "acl-J05-1004": 4.1365223, "acl-D11-1079": 4.8628407, "acl-W13-3516": 4.628794, "acl-W06-2920": 5.702001, "acl-D14-1062": 2.9596086, "acl-N13-1104": 3.9646354, "acl-D13-1027": 7.1037908, "acl-W12-3205": 5.235802, "acl-N13-1037": 3.1204498, "acl-C14-1055": 3.5512624, "acl-W14-1613": 3.8367064, "acl-J96-2002": 4.49074, "acl-D12-1003": 4.0721583, "acl-J03-4003": 6.181025, "acl-C14-1195": 4.8987675, "acl-J98-1001": 4.360577, "acl-N12-1007": 3.9847226, "acl-N13-1011": 3.3507981, "acl-J13-2003": 7.2873297, "acl-D13-1112": 3.846693, "acl-D13-1111": 4.8374324, "acl-J94-1001": 4.099162, "acl-C14-1107": 3.9294672, "acl-J07-3004": 7.1385612, "acl-W13-2201": 2.8910928, "acl-J11-4007": 4.5349884, "acl-E95-1022": 3.5486135, "acl-P10-1147": 4.3674664, "acl-C14-1210": 3.8941035, "acl-N13-1115": 3.50871, "acl-C14-1205": 3.989686, "acl-J00-4003": 5.333635}}