{"info": {"type": "bm25", "description": "document similarity", "size": 34, "id": "acl-C14-1107"}, "score": {"acl-J14-1004": 5.9932737, "acl-P13-1120": 4.950808, "acl-N12-1007": 4.4752364, "acl-J05-1004": 7.702485, "acl-J11-4007": 3.9933493, "acl-D11-1079": 5.1817417, "acl-W06-2920": 7.0323133, "acl-J96-2002": 8.066254, "acl-D14-1062": 3.676413, "acl-N13-1104": 7.3090944, "acl-D13-1027": 4.7229934, "acl-W12-3205": 8.583396, "acl-J98-1001": 4.6898565, "acl-W14-1613": 6.0243397, "acl-D12-1003": 7.6894827, "acl-J03-4003": 13.58839, "acl-C14-1195": 5.279663, "acl-C14-1055": 5.8123293, "acl-W13-3516": 4.514172, "acl-N13-1011": 3.2814093, "acl-J13-2003": 5.679049, "acl-N13-1037": 3.5251997, "acl-E95-1022": 6.492188, "acl-C14-1205": 4.645124, "acl-J07-3004": 15.115127, "acl-D13-1057": 3.5675688, "acl-W13-2201": 6.2572327, "acl-P10-1147": 5.628048, "acl-C14-1210": 6.56465, "acl-N13-1115": 5.723333, "acl-D13-1112": 2.4854255, "acl-D13-1111": 4.2830935, "acl-J94-1001": 4.6353617, "acl-J00-4003": 6.569502}}