{"info": {"type": "bm25", "description": "document similarity", "size": 34, "id": "acl-N13-1115"}, "score": {"acl-J14-1004": 6.131213, "acl-P13-1120": 4.273076, "acl-D13-1112": 8.7266, "acl-D11-1079": 4.3180804, "acl-C14-1195": 4.7862167, "acl-W06-2920": 4.470205, "acl-J13-2003": 2.9793737, "acl-D13-1027": 6.963801, "acl-W12-3205": 3.8759305, "acl-W14-1613": 3.800257, "acl-J96-2002": 1.5893204, "acl-D12-1003": 6.5736227, "acl-P10-1147": 3.8312836, "acl-D14-1062": 7.8583336, "acl-C14-1055": 5.409996, "acl-J05-1004": 3.5540135, "acl-N13-1011": 4.4253078, "acl-W13-2201": 6.7538433, "acl-N13-1037": 4.2278547, "acl-D13-1111": 4.975916, "acl-N12-1007": 5.069146, "acl-W13-3516": 3.5194786, "acl-C14-1107": 4.1197386, "acl-J07-3004": 1.5890859, "acl-J94-1001": 3.6261048, "acl-D13-1057": 6.6904364, "acl-N13-1104": 4.1610184, "acl-J03-4003": 2.250506, "acl-E95-1022": 2.8261602, "acl-J98-1001": 4.5514297, "acl-C14-1210": 4.4202466, "acl-J11-4007": 3.7838504, "acl-C14-1205": 4.7375665, "acl-J00-4003": 4.547004}}