{"info": {"type": "bm25", "description": "document similarity", "size": 34, "id": "acl-C14-1055"}, "score": {"acl-J14-1004": 3.8210263, "acl-P13-1120": 5.966806, "acl-N13-1115": 2.9237738, "acl-J05-1004": 5.9167385, "acl-D11-1079": 4.9825807, "acl-W06-2920": 5.099754, "acl-J96-2002": 4.445898, "acl-D14-1062": 3.277101, "acl-N13-1104": 5.895469, "acl-D13-1027": 3.9018352, "acl-W12-3205": 7.640247, "acl-W14-1613": 4.758741, "acl-D12-1003": 5.6478076, "acl-P10-1147": 4.250603, "acl-C14-1195": 5.0052867, "acl-J98-1001": 4.7914424, "acl-W13-3516": 4.001463, "acl-N13-1011": 2.8031273, "acl-J13-2003": 8.651317, "acl-N13-1037": 3.019446, "acl-D13-1111": 5.0174947, "acl-N12-1007": 6.037139, "acl-C14-1107": 4.9296594, "acl-J07-3004": 6.327411, "acl-J94-1001": 3.3294067, "acl-D13-1057": 3.5600588, "acl-W13-2201": 4.622373, "acl-E95-1022": 3.0201817, "acl-J03-4003": 3.3474183, "acl-C14-1210": 4.2173753, "acl-J11-4007": 5.042557, "acl-D13-1112": 2.09661, "acl-C14-1205": 4.864608, "acl-J00-4003": 6.56102}}