{"info": {"type": "bm25", "description": "document similarity", "size": 34, "id": "acl-J11-4007"}, "score": {"acl-J14-1004": 3.2445247, "acl-P13-1120": 5.0639877, "acl-D13-1112": 6.2692113, "acl-C14-1195": 4.150077, "acl-J94-1001": 3.6456068, "acl-C14-1210": 3.0701227, "acl-W06-2920": 5.131571, "acl-J96-2002": 7.4836483, "acl-D14-1062": 3.626823, "acl-D13-1027": 9.313875, "acl-N13-1115": 10.64929, "acl-J98-1001": 3.9192615, "acl-W14-1613": 3.3036275, "acl-D12-1003": 6.6374, "acl-J03-4003": 10.159494, "acl-W13-3516": 6.2129617, "acl-C14-1055": 8.265961, "acl-J05-1004": 6.4112463, "acl-N13-1011": 5.7691965, "acl-J13-2003": 12.13876, "acl-N13-1037": 4.1560388, "acl-E95-1022": 4.7991095, "acl-N12-1007": 8.637223, "acl-C14-1107": 3.395687, "acl-J07-3004": 7.806369, "acl-W13-2201": 7.32131, "acl-D13-1057": 5.84424, "acl-N13-1104": 6.6926594, "acl-P10-1147": 5.8860598, "acl-D13-1111": 4.1636953, "acl-W12-3205": 12.285875, "acl-D11-1079": 4.0305395, "acl-C14-1205": 4.116927, "acl-J00-4003": 7.457247}}