{"info": {"type": "bm25", "description": "document similarity", "size": 34, "id": "acl-N13-1104"}, "score": {"acl-J14-1004": 3.892358, "acl-P13-1120": 3.9140627, "acl-J05-1004": 3.7869167, "acl-D11-1079": 4.25527, "acl-C14-1205": 3.8340833, "acl-W06-2920": 5.302597, "acl-N13-1115": 3.128898, "acl-D14-1062": 2.3413074, "acl-C14-1055": 3.9561608, "acl-W12-3205": 5.198567, "acl-C14-1210": 3.3429577, "acl-W14-1613": 4.6914687, "acl-J96-2002": 2.8176646, "acl-D12-1003": 2.610143, "acl-J03-4003": 7.1571765, "acl-C14-1195": 4.216484, "acl-J98-1001": 4.144589, "acl-W13-3516": 3.8836997, "acl-N13-1011": 4.0255337, "acl-J13-2003": 6.0604444, "acl-N13-1037": 3.0724285, "acl-E95-1022": 4.3748064, "acl-N12-1007": 5.446807, "acl-C14-1107": 3.242791, "acl-J07-3004": 6.9144216, "acl-D13-1057": 6.4283037, "acl-W13-2201": 4.1306744, "acl-D13-1027": 3.6843095, "acl-P10-1147": 3.2163754, "acl-D13-1111": 4.322192, "acl-J11-4007": 6.18482, "acl-D13-1112": 2.6534119, "acl-J94-1001": 4.1298947, "acl-J00-4003": 4.77424}}