{"info": {"type": "bm25", "description": "document similarity", "size": 34, "id": "acl-C14-1210"}, "score": {"acl-J14-1004": 4.0673523, "acl-D14-1062": 3.3061962, "acl-J05-1004": 7.559789, "acl-D11-1079": 5.9069867, "acl-J94-1001": 3.9999912, "acl-W13-3516": 6.012401, "acl-W06-2920": 7.5271378, "acl-N13-1104": 5.873588, "acl-C14-1055": 4.272831, "acl-N13-1115": 5.6736665, "acl-W14-1613": 4.9566164, "acl-J96-2002": 5.344695, "acl-D12-1003": 5.5040407, "acl-P10-1147": 8.375588, "acl-C14-1195": 6.094241, "acl-J98-1001": 5.1825714, "acl-D13-1112": 5.5002136, "acl-N13-1011": 3.8619502, "acl-J13-2003": 5.642442, "acl-N13-1037": 4.187303, "acl-E95-1022": 6.782585, "acl-N12-1007": 4.86696, "acl-P13-1120": 2.9069884, "acl-C14-1107": 7.351604, "acl-J07-3004": 8.101097, "acl-W13-2201": 6.2595315, "acl-D13-1057": 3.6179318, "acl-J11-4007": 7.099755, "acl-D13-1027": 3.4519339, "acl-J03-4003": 7.0826406, "acl-D13-1111": 5.6783376, "acl-W12-3205": 4.9228578, "acl-C14-1205": 4.28832, "acl-J00-4003": 7.07069}}