{"info": {"type": "bm25", "description": "document similarity", "size": 34, "id": "acl-D13-1027"}, "score": {"acl-J14-1004": 4.9431076, "acl-P13-1120": 3.4370463, "acl-D13-1112": 4.9974957, "acl-D12-1003": 3.1119208, "acl-D11-1079": 4.659777, "acl-J94-1001": 3.841872, "acl-C14-1210": 4.286273, "acl-C14-1195": 4.8479757, "acl-J96-2002": 4.260537, "acl-D14-1062": 3.1152704, "acl-J98-1001": 4.7706194, "acl-W12-3205": 5.5606346, "acl-W14-1613": 6.126994, "acl-W06-2920": 4.0177484, "acl-P10-1147": 8.236536, "acl-W13-3516": 5.0597386, "acl-C14-1055": 6.537209, "acl-J05-1004": 6.625084, "acl-N13-1011": 3.0838804, "acl-N13-1104": 5.7308755, "acl-N13-1037": 4.6900544, "acl-E95-1022": 4.963769, "acl-N12-1007": 8.813727, "acl-J13-2003": 8.787887, "acl-C14-1107": 4.984705, "acl-J07-3004": 7.6386523, "acl-W13-2201": 8.375326, "acl-D13-1057": 7.251201, "acl-J11-4007": 7.9040823, "acl-J03-4003": 6.4603567, "acl-D13-1111": 4.69836, "acl-N13-1115": 3.1722946, "acl-C14-1205": 4.8615904, "acl-J00-4003": 7.1090817}}