{"info": {"type": "bm25", "description": "document similarity", "size": 34, "id": "acl-J13-2003"}, "score": {"acl-J14-1004": 4.470596, "acl-D14-1062": 4.745933, "acl-J05-1004": 5.3727818, "acl-D11-1079": 4.6959476, "acl-C14-1195": 4.7533484, "acl-W06-2920": 4.949435, "acl-D13-1027": 5.0210204, "acl-W12-3205": 7.4046307, "acl-J98-1001": 4.6070523, "acl-W14-1613": 3.7161734, "acl-J96-2002": 6.976632, "acl-D12-1003": 5.318337, "acl-J03-4003": 5.119273, "acl-W13-3516": 5.5183253, "acl-C14-1055": 6.2020187, "acl-N13-1115": 4.9942665, "acl-N13-1011": 6.12802, "acl-N13-1104": 4.697543, "acl-N13-1037": 4.229308, "acl-D13-1111": 4.5830407, "acl-N12-1007": 5.7510834, "acl-P13-1120": 4.423592, "acl-C14-1107": 4.228514, "acl-J07-3004": 7.9966974, "acl-J94-1001": 3.6420345, "acl-D13-1057": 4.454011, "acl-W13-2201": 5.4610286, "acl-E95-1022": 3.7590878, "acl-P10-1147": 4.650736, "acl-C14-1210": 4.1853704, "acl-J11-4007": 5.824673, "acl-D13-1112": 4.06327, "acl-C14-1205": 4.4018307, "acl-J00-4003": 5.521306}}