{"info": {"type": "bm25", "description": "document similarity", "size": 34, "id": "acl-D13-1111"}, "score": {"acl-J14-1004": 3.4549904, "acl-P13-1120": 4.283712, "acl-D13-1112": 7.8172846, "acl-J11-4007": 3.859229, "acl-D11-1079": 4.424389, "acl-J94-1001": 3.891805, "acl-C14-1195": 4.852123, "acl-W06-2920": 3.873288, "acl-C14-1055": 3.5505831, "acl-N13-1115": 8.744348, "acl-W14-1613": 4.6062474, "acl-J96-2002": 3.3366969, "acl-D12-1003": 6.0650434, "acl-J03-4003": 4.7004714, "acl-D14-1062": 6.5433493, "acl-J98-1001": 4.812441, "acl-J05-1004": 4.137489, "acl-N13-1011": 6.9644365, "acl-J13-2003": 7.9320097, "acl-N13-1037": 2.7233138, "acl-E95-1022": 4.3871617, "acl-N12-1007": 7.492821, "acl-W13-3516": 4.026382, "acl-C14-1107": 5.3500633, "acl-J07-3004": 4.575078, "acl-W13-2201": 6.441135, "acl-D13-1057": 4.2955527, "acl-N13-1104": 4.9179144, "acl-D13-1027": 2.6485188, "acl-P10-1147": 5.3339887, "acl-C14-1210": 5.6757603, "acl-W12-3205": 4.1382046, "acl-C14-1205": 4.9017973, "acl-J00-4003": 4.707029}}