{"info": {"type": "bm25", "description": "document similarity", "size": 34, "id": "acl-J05-1004"}, "score": {"acl-J14-1004": 3.9745817, "acl-P13-1120": 4.637007, "acl-D13-1112": 3.3765652, "acl-D11-1079": 3.9516225, "acl-C14-1210": 3.03224, "acl-W06-2920": 5.4007983, "acl-J96-2002": 5.5442715, "acl-D14-1062": 2.450684, "acl-J98-1001": 3.969551, "acl-W12-3205": 9.6081505, "acl-P10-1147": 3.4112701, "acl-W14-1613": 4.863631, "acl-D12-1003": 2.6039464, "acl-J03-4003": 8.2818985, "acl-W13-3516": 6.5564427, "acl-C14-1055": 7.4192834, "acl-N13-1115": 1.8802496, "acl-N13-1011": 4.4590416, "acl-J13-2003": 8.002152, "acl-N13-1037": 3.4542766, "acl-D13-1111": 3.919933, "acl-N12-1007": 5.516044, "acl-C14-1107": 2.8419995, "acl-J07-3004": 10.398897, "acl-W13-2201": 5.06778, "acl-D13-1057": 3.0077786, "acl-N13-1104": 5.306426, "acl-D13-1027": 3.8034875, "acl-J94-1001": 3.9583433, "acl-E95-1022": 3.2673547, "acl-J11-4007": 6.193272, "acl-C14-1195": 3.9431028, "acl-C14-1205": 3.9470491, "acl-J00-4003": 6.012451}}