{"info": {"type": "bm25", "description": "document similarity", "size": 34, "id": "acl-W14-1613"}, "score": {"acl-J14-1004": 7.700936, "acl-P13-1120": 3.2440104, "acl-D13-1027": 4.1184115, "acl-D13-1112": 5.339612, "acl-J11-4007": 4.915278, "acl-D11-1079": 5.945001, "acl-J94-1001": 3.6963034, "acl-W13-3516": 5.074705, "acl-W06-2920": 5.3196783, "acl-J98-1001": 5.475337, "acl-N13-1115": 7.820342, "acl-J96-2002": 4.453634, "acl-D12-1003": 7.5158763, "acl-P10-1147": 7.5285254, "acl-D14-1062": 6.357427, "acl-C14-1055": 7.496603, "acl-J05-1004": 4.637599, "acl-N13-1011": 6.7266464, "acl-J13-2003": 6.216934, "acl-N13-1037": 3.138786, "acl-D13-1111": 5.5619664, "acl-C14-1205": 5.049781, "acl-C14-1107": 4.221841, "acl-J07-3004": 8.162082, "acl-W13-2201": 7.2585087, "acl-D13-1057": 4.1995506, "acl-N13-1104": 5.67097, "acl-E95-1022": 4.3683743, "acl-J03-4003": 9.010068, "acl-C14-1210": 6.3126907, "acl-W12-3205": 6.259527, "acl-C14-1195": 6.020831, "acl-N12-1007": 4.8288713, "acl-J00-4003": 4.469417}}