{"info": {"type": "bm25", "description": "document similarity", "size": 34, "id": "acl-C14-1205"}, "score": {"acl-J14-1004": 3.4124572, "acl-P13-1120": 3.5211618, "acl-N13-1115": 2.0534344, "acl-J05-1004": 3.0750513, "acl-D11-1079": 4.6223154, "acl-W13-3516": 3.3433206, "acl-W06-2920": 3.336929, "acl-D14-1062": 2.2659557, "acl-C14-1055": 3.3685534, "acl-W12-3205": 2.2502022, "acl-W14-1613": 3.0711782, "acl-J96-2002": 2.2687514, "acl-D12-1003": 4.177165, "acl-P10-1147": 3.435106, "acl-C14-1195": 4.513579, "acl-J98-1001": 4.5331774, "acl-D13-1112": 2.3429544, "acl-N13-1011": 3.3545396, "acl-W13-2201": 3.3496065, "acl-N13-1037": 3.4355288, "acl-N13-1104": 3.526682, "acl-J94-1001": 3.4821584, "acl-J13-2003": 2.9248745, "acl-J07-3004": 3.0750864, "acl-D13-1057": 2.9400485, "acl-C14-1107": 3.3544052, "acl-E95-1022": 2.872615, "acl-J03-4003": 2.3425384, "acl-C14-1210": 3.301497, "acl-J11-4007": 3.214999, "acl-D13-1111": 4.641944, "acl-N12-1007": 3.030707, "acl-J00-4003": 3.2212865, "acl-D13-1027": 1.9951898}}