{"info": {"type": "bm25", "description": "document similarity", "size": 34, "id": "acl-J14-1004"}, "score": {"acl-D14-1062": 3.9041462, "acl-J05-1004": 4.2979445, "acl-D11-1079": 4.7200556, "acl-C14-1210": 3.5923545, "acl-W06-2920": 4.182861, "acl-D13-1112": 2.9204187, "acl-J96-2002": 6.8402057, "acl-N12-1007": 3.339059, "acl-D13-1027": 4.0457973, "acl-N13-1115": 4.9186172, "acl-C14-1055": 3.075392, "acl-W14-1613": 7.3984814, "acl-D12-1003": 3.8547695, "acl-P10-1147": 5.1053505, "acl-C14-1195": 5.111929, "acl-J98-1001": 4.798801, "acl-W13-3516": 4.8207884, "acl-N13-1011": 4.783627, "acl-J13-2003": 6.4559655, "acl-N13-1037": 3.5496278, "acl-E95-1022": 4.3661947, "acl-C14-1205": 5.088282, "acl-P13-1120": 3.826217, "acl-C14-1107": 3.4712706, "acl-J07-3004": 7.4022727, "acl-W13-2201": 5.494826, "acl-D13-1057": 3.4408033, "acl-N13-1104": 5.129665, "acl-J03-4003": 7.854057, "acl-D13-1111": 4.8141055, "acl-J11-4007": 4.3443604, "acl-W12-3205": 4.1114836, "acl-J94-1001": 3.868792, "acl-J00-4003": 4.6042447}}