{"info": {"type": "bm25", "description": "document similarity", "size": 34, "id": "acl-J94-1001"}, "score": {"acl-J14-1004": 6.0785103, "acl-P13-1120": 3.7733643, "acl-N13-1115": 3.004228, "acl-J05-1004": 5.7094984, "acl-D11-1079": 4.310499, "acl-W06-2920": 5.998401, "acl-J96-2002": 7.971829, "acl-D14-1062": 2.925719, "acl-D13-1027": 4.8679295, "acl-W12-3205": 10.130278, "acl-J98-1001": 3.6898227, "acl-W14-1613": 5.7448955, "acl-D12-1003": 6.0312424, "acl-P10-1147": 4.3611956, "acl-W13-3516": 4.675874, "acl-C14-1055": 5.650405, "acl-D13-1112": 4.3031774, "acl-N13-1011": 5.4153447, "acl-J13-2003": 8.4274025, "acl-N13-1037": 2.9117067, "acl-N13-1104": 6.4837, "acl-N12-1007": 5.1571436, "acl-C14-1107": 4.007786, "acl-J07-3004": 12.831038, "acl-D13-1057": 4.8243523, "acl-W13-2201": 6.121101, "acl-E95-1022": 4.2043657, "acl-J03-4003": 13.411968, "acl-C14-1210": 4.812871, "acl-J11-4007": 3.9519026, "acl-D13-1111": 4.214633, "acl-C14-1195": 4.2641077, "acl-C14-1205": 4.231858, "acl-J00-4003": 5.6497355}}