{"info": {"type": "bm25", "description": "document similarity", "size": 35, "id": "acl-N13-1048"}, "score": {"acl-J14-1004": 4.879377, "acl-D14-1062": 5.094207, "acl-D13-1112": 4.3349752, "acl-J11-4007": 3.3018103, "acl-D11-1079": 5.4591413, "acl-W13-3516": 4.960521, "acl-W06-2920": 4.935382, "acl-N12-1007": 3.9159975, "acl-C14-1055": 4.127401, "acl-N13-1115": 4.3811564, "acl-W14-1613": 3.2519217, "acl-J96-2002": 3.3560584, "acl-D12-1003": 5.3264875, "acl-P10-1147": 4.5118947, "acl-P13-1120": 3.9439607, "acl-C14-1195": 5.3789167, "acl-J98-1001": 5.2570853, "acl-J05-1004": 5.018993, "acl-N13-1011": 3.5019286, "acl-N13-1104": 4.289029, "acl-N13-1037": 3.1793702, "acl-E95-1022": 5.672539, "acl-C14-1205": 5.225335, "acl-J13-2003": 3.9933627, "acl-C14-1107": 3.9014127, "acl-J07-3004": 4.5485454, "acl-D13-1057": 2.6541152, "acl-W13-2201": 4.2356057, "acl-D13-1027": 1.5525322, "acl-J03-4003": 4.0091367, "acl-C14-1210": 4.450926, "acl-W12-3205": 3.904456, "acl-D13-1111": 6.02206, "acl-J94-1001": 4.1998186, "acl-J00-4003": 5.058629}}