{"info": {"type": "bm25", "description": "document similarity", "size": 34, "id": "acl-J96-2002"}, "score": {"acl-J14-1004": 4.7679615, "acl-P13-1120": 4.2011485, "acl-J05-1004": 4.5388684, "acl-C14-1195": 3.9402642, "acl-W06-2920": 4.252279, "acl-N13-1115": 3.452971, "acl-D14-1062": 3.8656049, "acl-D13-1027": 5.787601, "acl-W12-3205": 4.7996607, "acl-P10-1147": 3.7554147, "acl-N13-1037": 3.020928, "acl-W14-1613": 3.1547658, "acl-D12-1003": 2.5786715, "acl-J03-4003": 6.3618636, "acl-W13-3516": 4.636041, "acl-J98-1001": 4.0098877, "acl-C14-1055": 3.9960074, "acl-N13-1011": 5.0058784, "acl-J13-2003": 5.891412, "acl-D13-1112": 3.2124507, "acl-D13-1111": 4.072846, "acl-N12-1007": 4.7426205, "acl-C14-1107": 2.706875, "acl-J07-3004": 7.6888084, "acl-W13-2201": 5.815975, "acl-D13-1057": 6.0902457, "acl-N13-1104": 4.2579236, "acl-E95-1022": 3.7130203, "acl-J94-1001": 4.081146, "acl-C14-1210": 5.189312, "acl-J11-4007": 5.4608936, "acl-D11-1079": 3.6925807, "acl-C14-1205": 4.014282, "acl-J00-4003": 4.8614902}}