{"info": {"type": "bm25", "description": "document similarity", "size": 34, "id": "acl-J03-4003"}, "score": {"acl-J14-1004": 6.08462, "acl-P13-1120": 4.2454834, "acl-D13-1112": 5.7200356, "acl-D11-1079": 4.661841, "acl-C14-1205": 4.1147957, "acl-W06-2920": 8.321691, "acl-J96-2002": 10.424271, "acl-D14-1062": 3.3708973, "acl-N13-1104": 5.2779126, "acl-D13-1027": 5.7571187, "acl-W12-3205": 8.652687, "acl-W14-1613": 5.642407, "acl-D12-1003": 6.15232, "acl-P10-1147": 7.316574, "acl-W13-3516": 6.465588, "acl-C14-1055": 8.619701, "acl-J05-1004": 7.202658, "acl-N13-1011": 4.627258, "acl-J13-2003": 11.614334, "acl-N13-1037": 4.7535496, "acl-E95-1022": 6.4589825, "acl-N12-1007": 5.671567, "acl-C14-1107": 5.652263, "acl-J07-3004": 17.036123, "acl-W13-2201": 4.8737555, "acl-D13-1057": 6.802122, "acl-J11-4007": 7.909621, "acl-J98-1001": 4.516348, "acl-C14-1210": 7.398713, "acl-N13-1115": 3.6831608, "acl-D13-1111": 4.401771, "acl-C14-1195": 4.637146, "acl-J94-1001": 4.1221843, "acl-J00-4003": 8.246974}}