{"info": {"type": "bm25", "description": "document similarity", "size": 34, "id": "acl-C14-1195"}, "score": {"acl-J14-1004": 5.4493284, "acl-D14-1062": 3.7043533, "acl-N13-1115": 4.900551, "acl-N12-1007": 3.6681106, "acl-D13-1112": 7.0244665, "acl-D11-1079": 5.2911935, "acl-W06-2920": 7.1735625, "acl-J96-2002": 6.2663608, "acl-N13-1104": 4.5220785, "acl-D13-1027": 5.304259, "acl-W12-3205": 5.713006, "acl-J98-1001": 4.8984184, "acl-W14-1613": 5.2597075, "acl-D12-1003": 4.4570937, "acl-P10-1147": 7.8826838, "acl-W13-3516": 5.207048, "acl-C14-1055": 7.325327, "acl-J05-1004": 7.174654, "acl-N13-1011": 4.4391613, "acl-J13-2003": 5.286545, "acl-N13-1037": 2.9326177, "acl-E95-1022": 5.9434466, "acl-C14-1205": 4.445323, "acl-P13-1120": 3.2009385, "acl-C14-1107": 8.223097, "acl-J07-3004": 9.608577, "acl-D13-1057": 5.4878445, "acl-W13-2201": 6.460593, "acl-J03-4003": 8.926562, "acl-C14-1210": 9.324218, "acl-J11-4007": 5.9017577, "acl-D13-1111": 4.568002, "acl-J94-1001": 3.9190128, "acl-J00-4003": 6.980802}}