{"info": {"type": "bm25", "description": "document similarity", "size": 35, "id": "acl-J13-1007"}, "score": {"acl-J14-1004": 4.5216646, "acl-P13-1120": 3.5664947, "acl-N13-1115": 3.781967, "acl-D13-1112": 5.305038, "acl-D11-1079": 4.3193803, "acl-J94-1001": 3.741336, "acl-C14-1210": 4.255314, "acl-W06-2920": 6.529136, "acl-J96-2002": 7.313151, "acl-D14-1062": 1.706811, "acl-N13-1104": 3.9570563, "acl-D13-1027": 4.4422464, "acl-W12-3205": 7.806799, "acl-J98-1001": 4.344249, "acl-W14-1613": 4.757427, "acl-D12-1003": 2.6766028, "acl-J03-4003": 12.088906, "acl-W13-3516": 6.689055, "acl-C14-1055": 4.805113, "acl-J05-1004": 6.8198547, "acl-N13-1011": 4.1482944, "acl-J13-2003": 6.16749, "acl-N13-1037": 4.736057, "acl-E95-1022": 4.70134, "acl-C14-1205": 4.363547, "acl-J07-3004": 10.909289, "acl-W13-2201": 4.8406343, "acl-D13-1057": 3.596638, "acl-C14-1107": 4.78156, "acl-P10-1147": 4.9396, "acl-D13-1111": 4.2805815, "acl-J11-4007": 5.0352626, "acl-C14-1195": 4.1984997, "acl-N12-1007": 3.8761284, "acl-J00-4003": 5.5949507}}