{"info": {"type": "bm25", "description": "document similarity", "size": 34, "id": "acl-J00-4003"}, "score": {"acl-J14-1004": 3.6562524, "acl-P13-1120": 5.10965, "acl-N13-1115": 5.425204, "acl-J05-1004": 5.2553005, "acl-C14-1195": 4.196515, "acl-C14-1210": 3.9317763, "acl-W06-2920": 4.6736693, "acl-J96-2002": 8.370046, "acl-D14-1062": 2.1603215, "acl-C14-1205": 3.8001523, "acl-D13-1027": 7.0688777, "acl-W12-3205": 9.194073, "acl-J98-1001": 3.8895423, "acl-W14-1613": 2.6626565, "acl-D12-1003": 4.885524, "acl-J03-4003": 9.897422, "acl-W13-3516": 5.9236865, "acl-C14-1055": 6.547443, "acl-D13-1112": 4.820967, "acl-N13-1011": 5.429866, "acl-J13-2003": 10.081827, "acl-N13-1037": 3.565656, "acl-D13-1111": 4.0841866, "acl-N12-1007": 5.7117248, "acl-C14-1107": 3.2681928, "acl-J07-3004": 10.327075, "acl-W13-2201": 5.220756, "acl-D13-1057": 6.0161214, "acl-N13-1104": 5.4908175, "acl-E95-1022": 3.858251, "acl-P10-1147": 6.1273003, "acl-D11-1079": 4.146067, "acl-J11-4007": 6.3451614, "acl-J94-1001": 4.044345}}