{"info": {"type": "bm25", "description": "document similarity", "size": 34, "id": "acl-W06-2920"}, "score": {"acl-J14-1004": 5.102539, "acl-P13-1120": 3.709876, "acl-J05-1004": 4.5202384, "acl-J11-4007": 3.781556, "acl-D11-1079": 4.28991, "acl-C14-1210": 4.544498, "acl-C14-1195": 4.2762637, "acl-J96-2002": 3.2478456, "acl-D14-1062": 1.8287529, "acl-N12-1007": 2.4082317, "acl-C14-1055": 3.9874065, "acl-W12-3205": 7.089063, "acl-W14-1613": 4.6625385, "acl-D12-1003": 4.3899055, "acl-J03-4003": 9.410158, "acl-W13-3516": 5.769579, "acl-J98-1001": 4.2864623, "acl-D13-1112": 3.4583793, "acl-N13-1011": 2.5997796, "acl-N13-1104": 5.194905, "acl-N13-1037": 5.0548277, "acl-D13-1111": 4.304014, "acl-C14-1205": 4.27663, "acl-J13-2003": 3.382934, "acl-J07-3004": 10.219562, "acl-W13-2201": 3.122403, "acl-D13-1057": 3.5003297, "acl-C14-1107": 4.299419, "acl-D13-1027": 4.1144333, "acl-P10-1147": 3.3876321, "acl-E95-1022": 3.9315639, "acl-N13-1115": 3.861396, "acl-J94-1001": 3.7367098, "acl-J00-4003": 4.518632}}