{"info": {"type": "bm25", "description": "document similarity", "size": 34, "id": "acl-D12-1003"}, "score": {"acl-J14-1004": 6.1125793, "acl-P13-1120": 4.993367, "acl-D13-1027": 2.3526845, "acl-J05-1004": 3.5779314, "acl-J11-4007": 4.358906, "acl-D11-1079": 5.382401, "acl-J94-1001": 3.3801143, "acl-W06-2920": 4.31605, "acl-J96-2002": 3.9058633, "acl-D14-1062": 3.719773, "acl-C14-1055": 5.0589027, "acl-W12-3205": 6.8957334, "acl-W14-1613": 6.034398, "acl-J03-4003": 4.6779757, "acl-C14-1195": 5.136991, "acl-J98-1001": 5.3844504, "acl-W13-3516": 3.4727862, "acl-N13-1011": 7.4329233, "acl-J13-2003": 8.694913, "acl-N13-1037": 4.1019707, "acl-D13-1111": 5.274762, "acl-N12-1007": 6.1089587, "acl-C14-1107": 4.387925, "acl-J07-3004": 6.7001567, "acl-W13-2201": 6.454335, "acl-D13-1057": 4.0218925, "acl-N13-1104": 4.752691, "acl-E95-1022": 3.5832279, "acl-P10-1147": 6.0755053, "acl-C14-1210": 6.5277925, "acl-N13-1115": 5.5102277, "acl-D13-1112": 2.8846326, "acl-C14-1205": 5.1374826, "acl-J00-4003": 5.172353}}