{"info": {"type": "bm25", "description": "document similarity", "size": 35, "id": "acl-E14-1028"}, "score": {"acl-J14-1004": 6.6129627, "acl-P13-1120": 4.6179876, "acl-D13-1112": 5.4616203, "acl-D12-1003": 2.5808966, "acl-D11-1079": 5.092006, "acl-C14-1210": 3.6227849, "acl-J05-1004": 3.3880615, "acl-D14-1062": 5.2778873, "acl-J96-2002": 5.1999445, "acl-N12-1007": 3.484855, "acl-C14-1055": 4.1639004, "acl-N13-1115": 4.470266, "acl-W14-1613": 6.8557167, "acl-W06-2920": 3.597477, "acl-P10-1147": 4.751949, "acl-C14-1195": 5.444398, "acl-J98-1001": 5.1799784, "acl-W13-3516": 3.8906436, "acl-N13-1011": 3.8526187, "acl-N13-1104": 5.5362945, "acl-N13-1037": 3.4664917, "acl-D13-1111": 5.158358, "acl-C14-1205": 5.0003257, "acl-J13-2003": 4.4569645, "acl-C14-1107": 4.492169, "acl-J07-3004": 6.859843, "acl-D13-1057": 3.6751962, "acl-W13-2201": 5.351221, "acl-D13-1027": 3.5064762, "acl-J03-4003": 6.861993, "acl-E95-1022": 4.2222576, "acl-J11-4007": 4.7939687, "acl-W12-3205": 4.0742545, "acl-J94-1001": 4.6388245, "acl-J00-4003": 4.8055005}}