{"info": {"type": "bm25", "description": "document similarity", "size": 34, "id": "acl-N13-1037"}, "score": {"acl-J14-1004": 3.07789, "acl-P13-1120": 3.1488655, "acl-J05-1004": 3.258309, "acl-D11-1079": 4.226599, "acl-C14-1205": 4.2968593, "acl-W13-3516": 3.281565, "acl-W06-2920": 3.249705, "acl-D14-1062": 3.228617, "acl-C14-1055": 3.2551453, "acl-W12-3205": 3.2362797, "acl-W14-1613": 2.7941809, "acl-J96-2002": 2.2520535, "acl-D12-1003": 2.9470072, "acl-P10-1147": 2.4806314, "acl-C14-1195": 4.2951503, "acl-J98-1001": 4.2166405, "acl-D13-1112": 2.7606719, "acl-N13-1011": 3.3451319, "acl-N13-1104": 3.2831469, "acl-D13-1111": 4.2932796, "acl-N12-1007": 3.6530643, "acl-J13-2003": 2.9267762, "acl-C14-1107": 2.6701078, "acl-J07-3004": 2.3778422, "acl-W13-2201": 3.4114273, "acl-D13-1057": 3.433917, "acl-J11-4007": 3.3204486, "acl-J03-4003": 2.2847166, "acl-D13-1027": 3.0404553, "acl-E95-1022": 2.8900032, "acl-C14-1210": 3.288011, "acl-N13-1115": 2.7952833, "acl-J94-1001": 3.812015, "acl-J00-4003": 3.2563012}}