{"info": {"type": "bm25", "description": "document similarity", "size": 34, "id": "acl-P13-1120"}, "score": {"acl-J14-1004": 3.7238045, "acl-D14-1062": 2.6469495, "acl-J05-1004": 5.4759398, "acl-D12-1003": 4.079367, "acl-D11-1079": 4.2202873, "acl-C14-1210": 2.4315426, "acl-C14-1195": 4.621565, "acl-J96-2002": 5.048305, "acl-J98-1001": 4.517374, "acl-W12-3205": 6.114751, "acl-P10-1147": 2.765474, "acl-W14-1613": 5.182722, "acl-W06-2920": 4.3337507, "acl-J03-4003": 6.5060573, "acl-W13-3516": 5.40969, "acl-C14-1055": 5.7428336, "acl-N13-1115": 3.6587236, "acl-N13-1011": 6.1050315, "acl-J13-2003": 8.592508, "acl-N13-1037": 3.3063061, "acl-D13-1111": 4.387807, "acl-N12-1007": 6.412621, "acl-C14-1107": 3.2310984, "acl-J07-3004": 8.70913, "acl-W13-2201": 5.120467, "acl-D13-1057": 4.4228044, "acl-N13-1104": 5.180009, "acl-D13-1027": 4.1927786, "acl-J94-1001": 4.0269284, "acl-E95-1022": 3.4536803, "acl-J11-4007": 6.255427, "acl-D13-1112": 2.8831418, "acl-C14-1205": 4.7366776, "acl-J00-4003": 5.7288594}}