{"info": {"type": "bm25", "description": "document similarity", "size": 34, "id": "acl-W12-3205"}, "score": {"acl-J14-1004": 5.843988, "acl-P13-1120": 6.148353, "acl-J05-1004": 5.9860234, "acl-D11-1079": 4.2997365, "acl-J94-1001": 3.7698796, "acl-W06-2920": 5.521973, "acl-J96-2002": 10.042296, "acl-D14-1062": 4.2764835, "acl-D13-1027": 5.3805532, "acl-N13-1115": 3.579033, "acl-P10-1147": 3.7912564, "acl-W14-1613": 4.384344, "acl-D12-1003": 6.52409, "acl-J03-4003": 10.893141, "acl-W13-3516": 5.3027487, "acl-C14-1055": 7.6027884, "acl-D13-1112": 4.3685412, "acl-N13-1011": 5.3470774, "acl-J13-2003": 13.709555, "acl-N13-1037": 3.6018307, "acl-E95-1022": 4.6496606, "acl-N12-1007": 6.343291, "acl-C14-1107": 3.3392694, "acl-J07-3004": 10.85806, "acl-W13-2201": 5.584608, "acl-D13-1057": 4.4209704, "acl-N13-1104": 6.4483376, "acl-J98-1001": 4.245545, "acl-C14-1210": 4.712226, "acl-J11-4007": 5.492914, "acl-D13-1111": 4.2364397, "acl-C14-1195": 4.2268734, "acl-C14-1205": 4.1920614, "acl-J00-4003": 7.48007}}