{"info": {"type": "bm25", "description": "document similarity", "size": 34, "id": "acl-N12-1007"}, "score": {"acl-J14-1004": 6.5353565, "acl-P13-1120": 3.8289535, "acl-J05-1004": 4.5063357, "acl-W06-2920": 4.290965, "acl-D11-1079": 5.406724, "acl-W13-3516": 5.083523, "acl-J96-2002": 4.718224, "acl-D14-1062": 3.8220358, "acl-C14-1055": 5.3723564, "acl-W12-3205": 8.287314, "acl-W14-1613": 5.30053, "acl-D12-1003": 7.6023974, "acl-J03-4003": 5.0923257, "acl-C14-1195": 5.289203, "acl-J98-1001": 5.5039225, "acl-N13-1115": 4.51387, "acl-N13-1011": 7.504668, "acl-J13-2003": 7.1888995, "acl-N13-1037": 4.154917, "acl-D13-1111": 4.955688, "acl-C14-1205": 5.525118, "acl-C14-1107": 3.2031236, "acl-J07-3004": 5.334091, "acl-W13-2201": 7.0128202, "acl-D13-1057": 6.62221, "acl-N13-1104": 4.962084, "acl-D13-1027": 4.769609, "acl-P10-1147": 5.757446, "acl-E95-1022": 3.3641324, "acl-C14-1210": 3.6935966, "acl-J11-4007": 8.028795, "acl-D13-1112": 2.6232393, "acl-J94-1001": 3.321231, "acl-J00-4003": 5.039333}}